phone,active_use_score,company,year_of_release
Apple iPhone 16 Plus,18:49h,Apple,2025
vivo iQOO 13,18:03h,vivo,2025
ZTE nubia Red Magic 9 Pro,17:38h,ZTE,2023
Realme GT 7 Pro,17:31h,Realme,2025
Sony Xperia 1 VI,17:27h,Sony,2025
Apple iPhone 16 Pro Max,17:18h,Apple,2025
ZTE nubia Red Magic 10 Pro,17:13h,ZTE,2025
ZTE nubia Red Magic 9S Pro,17:08h,ZTE,2024
Oppo Reno13,16:50h,Oppo,2025
Oppo Reno13 Pro,16:42h,Oppo,2025
Asus ROG Phone 9,16:41h,Asus,2025
Asus ROG Phone 9 Pro,16:41h,Asus,2025
Nothing Phone (2a) Plus,16:34h,Nothing,2025
Apple iPhone 15 Plus,16:33h,Apple,2023
Xiaomi 15,16:28h,Xiaomi,2024
Asus Zenfone 11 Ultra,16:28h,Asus,2024
Sony Xperia 5 V,16:19h,Sony,2023
Sony Xperia 10 V,16:14h,Sony,2023
Xiaomi 15 Ultra,16:13h,Xiaomi,2024
Nothing CMF Phone 1,16:13h,Nothing,2025
vivo V50,16:09h,vivo,2025
Apple iPhone 15 Pro Max,16:01h,Apple,2023
Nothing Phone (2a),15:53h,Nothing,2024
Asus Zenfone 12 Ultra,15:50h,Asus,2025
Apple iPhone 16,15:42h,Apple,2025
OnePlus 13,15:28h,OnePlus,2025
Samsung Galaxy A15,15:28h,Samsung,2024
Oppo Find X8 Pro,15:18h,Oppo,2025
Honor Magic7 RSR Porsche Design,15:11h,Honor,2025
OnePlus 13R,15:09h,OnePlus,2025
vivo X200 Pro,15:09h,vivo,2025
vivo V40,15:06h,vivo,2024
Honor Magic7 Lite,15:02h,Honor,2025
Realme GT 6T,15:01h,Realme,2024
vivo V30,15:01h,vivo,2024
ZTE nubia Z60 Ultra,14:57h,ZTE,2023
Oppo Reno12 Pro,14:54h,Oppo,2024
Oppo Reno12,14:53h,Oppo,2024
vivo X200,14:51h,vivo,2025
Asus ROG Phone 7,14:51h,Asus,2023
Samsung Galaxy S25 Ultra,14:49h,Samsung,2025
Samsung Galaxy A16,14:43h,Samsung,2025
Asus ROG Phone 8 Pro,14:43h,Asus,2024
OnePlus Nord 4,14:41h,OnePlus,2024
Realme GT 6,14:32h,Realme,2024
OnePlus 12R,14:32h,OnePlus,2024
Oppo Find X8 Ultra,14:31h,Oppo,2025
Samsung Galaxy A15 5G,14:31h,Samsung,2023
Tecno Camon 30 Pro,14:29h,Tecno,2024
Samsung Galaxy S25+,14:26h,Samsung,2025
Tecno Pova 6 Pro,14:22h,Tecno,2024
Nothing Phone (2),14:21h,Nothing,2023
Motorola Edge 60 Fusion,14:18h,Motorola,2024
Apple iPhone 16 Pro,14:17h,Apple,2024
Realme GT5 Pro,14:16h,Realme,2023
Honor Magic6 RSR Porsche Design,14:14h,Honor,2024
OnePlus 12,14:11h,OnePlus,2023
Realme 14 Pro+,14:10h,Realme,2025
Honor Magic6 Pro,14:06h,Honor,2024
ZTE nubia Z60 Ultra Leading,14:04h,ZTE,2023
Oppo Find X8,13:58h,Oppo,2025
Sony Xperia 10 VI,13:56h,Sony,2024
Xiaomi 14,13:56h,Xiaomi,2023
Xiaomi Redmi Pad SE,13:56h,Xiaomi,2023
Motorola Moto G54 Power,13:54h,Motorola,2023
Honor Magic7 Pro,13:53h,Honor,2025
vivo X100 Pro,13:53h,vivo,2023
Xiaomi Poco F7 Pro,13:51h,Xiaomi,2025
Samsung Galaxy S23+,13:51h,Samsung,2023
Ulefone Armor Mini 20T Pro,13:50h,Ulefone,2024
Samsung Galaxy A06,13:50h,Samsung,2024
Samsung Galaxy S24 Ultra,13:49h,Samsung,2024
vivo V40 Pro,13:45h,vivo,2025
Realme 13 Pro+,13:39h,Realme,2024
Nothing Phone (3a),13:38h,Nothing,2025
Nothing Phone (3a) Pro,13:37h,Nothing,2025
Xiaomi Poco F7 Ultra,13:32h,Xiaomi,2025
vivo iQOO 12,13:30h,vivo,2023
Motorola Edge 50 Neo,13:29h,Motorola,2023
Tecno Camon 30 Premier,13:29h,Tecno,2024
Samsung Galaxy A55,13:27h,Samsung,2024
vivo X Fold3 Pro,13:26h,vivo,2024
vivo V30 Pro,13:25h,vivo,2024
Realme 12 Pro+,13:24h,Realme,2024
Samsung Galaxy S23 Ultra,13:24h,Samsung,2023
Apple iPhone 15,13:20h,Apple,2023
Honor Pad X9,13:17h,Honor,2023
Oppo Find N5,13:16h,Oppo,2025
Realme 11 Pro,13:14h,Realme,2023
Google Pixel 9 Pro,13:11h,Google,2024
ZTE nubia RedMagic 10 Air 5G,13:10h,ZTE,2024
Samsung Galaxy S25,13:09h,Samsung,2025
Honor Magic6 Lite,13:08h,Honor,2024
Google Pixel 9,13:05h,Google,2024
Asus Zenfone 10,13:05h,Asus,2023
Realme 12+,13:03h,Realme,2024
ZTE nubia Z70 Ultra,12:59h,ZTE,2024
Apple iPhone 15 Pro,12:58h,Apple,2023
Oppo Find N3 Flip,12:58h,Oppo,2023
Motorola Edge 50 Ultra,12:56h,Motorola,2024
Infinix Hot 40 Pro,12:56h,Infinix,2023
vivo X100 Ultra,12:55h,vivo,2024
Xiaomi Redmi Note 14 4G (Global),12:47h,Xiaomi,2024
Oppo Find X7 Ultra,12:47h,Oppo,2024
Xiaomi Poco X7 Pro,12:43h,Xiaomi,2024
Motorola Moto G Stylus 5G (2024),12:43h,Motorola,2024
Motorola Edge 50 Fusion,12:40h,Motorola,2024
Apple iPad Pro 11 (2024),12:37h,Apple,2024
Xiaomi 14T Pro,12:32h,Xiaomi,2024
Google Pixel 9 Pro XL,12:32h,Google,2024
Motorola Moto G84,12:31h,Motorola,2023
Samsung Galaxy S24+,12:30h,Samsung,2024
Huawei Pura 70 Ultra,12:29h,Huawei,2024
ZTE nubia Z50S Pro,12:29h,ZTE,2023
Samsung Galaxy A35,12:26h,Samsung,2024
Sony Xperia 1 V,12:24h,Sony,2023
Infinix Note 40 Pro+,12:23h,Infinix,2024
Xiaomi 13T,12:23h,Xiaomi,2023
ZTE nubia Z60S Pro,12:12h,ZTE,2024
Samsung Galaxy A56,12:08h,Samsung,2025
Samsung Galaxy A16 5G,12:08h,Samsung,2025
Xiaomi Redmi Note 12 Pro,12:08h,Xiaomi,2023
Xiaomi Redmi Note 14 Pro 4G (Global),12:07h,Xiaomi,2024
vivo V29 Pro,12:07h,vivo,2023
Samsung Galaxy S24,12:06h,Samsung,2024
Honor Magic5 Pro,12:06h,Honor,2023
Motorola Razr 50 Ultra,12:05h,Motorola,2024
Samsung Galaxy Z Fold5,12:01h,Samsung,2023
Motorola Edge 50 Pro,11:59h,Motorola,2024
OnePlus Open,11:59h,OnePlus,2023
Xiaomi Mix Flip,11:58h,Xiaomi,2024
Motorola Moto G Power (2025),11:56h,Motorola,2025
Tecno Spark 20 Pro+,11:56h,Tecno,2024
Google Pixel 9 Pro Fold,11:54h,Google,2024
Apple iPhone 16e,11:53h,Apple,2024
Xiaomi Redmi Note 13 4G,11:52h,Xiaomi,2023
Xiaomi Poco F5,11:52h,Xiaomi,2023
Xiaomi Redmi Note 14 5G (Global),11:50h,Xiaomi,2024
Xiaomi 13T Pro,11:50h,Xiaomi,2023
Samsung Galaxy S24 FE,11:48h,Samsung,2024
Motorola Razr 50,11:46h,Motorola,2024
Xiaomi Poco M6 Pro 4G,11:46h,Xiaomi,2024
Xiaomi Poco X6 Pro,11:46h,Xiaomi,2024
Xiaomi Redmi Note 14 Pro 5G (Global),11:39h,Xiaomi,2024
Samsung Galaxy A36,11:38h,Samsung,2025
Tecno Phantom V Flip2,11:37h,Tecno,2024
Xiaomi 14 Civi,11:36h,Xiaomi,2024
Xiaomi Redmi Note 13 Pro 4G,11:36h,Xiaomi,2023
Oppo Find N3,11:36h,Oppo,2023
Xiaomi 14T,11:32h,Xiaomi,2024
Samsung Galaxy A05s,11:32h,Samsung,2023
Samsung Galaxy Z Fold6,11:31h,Samsung,2024
Xiaomi Poco C65,11:31h,Xiaomi,2023
Samsung Galaxy S23,11:27h,Samsung,2023
Infinix Note 50 Pro 4G,11:26h,Infinix,2024
Google Pixel 8a,11:25h,Google,2024
Xiaomi 14 Ultra,11:25h,Xiaomi,2024
Infinix Note 50 Pro+,11:21h,Infinix,2024
Google Pixel 8,11:17h,Google,2023
Samsung Galaxy A54,11:15h,Samsung,2023
Xiaomi Pad 6S Pro 12.4,11:14h,Xiaomi,2024
Google Pixel 8 Pro,11:14h,Google,2023
Honor 200 Pro,11:08h,Honor,2024
Xiaomi Poco X7,11:07h,Xiaomi,2024
Oppo Reno10 Pro,11:05h,Oppo,2023
OnePlus 11,11:05h,OnePlus,2023
Samsung Galaxy Tab S9 Ultra,11:03h,Samsung,2023
Infinix Zero Flip,11:01h,Infinix,2024
Xiaomi Redmi Note 12,10:58h,Xiaomi,2023
Xiaomi 13 Pro,10:55h,Xiaomi,2023
Infinix Hot 50 Pro+ 4G,10:54h,Infinix,2024
ZTE nubia Red Magic Nova,10:51h,ZTE,2024
OnePlus Pad 2,10:51h,OnePlus,2023
HMD Skyline,10:47h,HMD,2024
Samsung Galaxy A26,10:44h,Samsung,2024
Xiaomi Redmi Note 14 Pro+ 5G (Global),10:40h,Xiaomi,2025
Xiaomi Redmi Note 13 Pro+,10:38h,Xiaomi,2023
Xiaomi Redmi Note 12 Pro+,10:38h,Xiaomi,2022
Xiaomi Poco F6,10:36h,Xiaomi,2024
Huawei Mate 50 Pro,10:36h,Huawei,2022
Samsung Galaxy Z Flip6,10:35h,Samsung,2024
Honor Magic V2,10:35h,Honor,2024
Xiaomi Poco F6 Pro,10:29h,Xiaomi,2024
Xiaomi Redmi 13,10:28h,Xiaomi,2024
Motorola Edge 40 Neo,10:28h,Motorola,2023
Honor 90,10:28h,Honor,2023
Samsung Galaxy A25,10:19h,Samsung,2023
Xiaomi Redmi Note 13 Pro,10:16h,Xiaomi,2023
Xiaomi Poco X6,10:11h,Xiaomi,2024
Xiaomi 13 Ultra,10:09h,Xiaomi,2023
Honor Magic V3,10:05h,Honor,2024
Motorola Edge 50,9:56h,Motorola,2024
Xiaomi Redmi Note 13,9:49h,Xiaomi,2023
Honor MagicPad 2 12.3,9:42h,Honor,2024
Xiaomi Pad 6,9:39h,Xiaomi,2023
Xiaomi Redmi Pad Pro,9:36h,Xiaomi,2024
Tecno Phantom V Fold2,9:34h,Tecno,2024
Samsung Galaxy Z Flip5,9:29h,Samsung,2023
Honor Pad 9,9:18h,Honor,2024
Xiaomi Poco Pad,9:15h,Xiaomi,2024
Huawei Mate X6,8:56h,Huawei,2023
Samsung Galaxy S23 FE,8:28h,Samsung,2023
Huawei MatePad Pro 13.2,8:15h,Huawei,2023
Huawei Mate XT Ultimate,7:48h,Huawei,2024